{"MAE": 29.772985101338495, "R2": 0.8402459139408307}