{"MAE": 29.772985101338488, "R2": 0.8402459139408307}